Zona,Area,Valor
Urbano,La Araucanía,23.137419936766968
Rural,La Araucanía,54.300046614856925
Urbano,Chile,9.588653118885812
Rural,Chile,17.724754064738786
