{"pobreza_araucania": 28.6, "pobreza_nacional": 17.3, "moran_i": 0.22, "moran_p": 0.109, "ruralidad_araucania": 27.8, "ingreso_araucania_avg": 486029.5532511563, "ingreso_chile_avg": 580622.6235399833}